Section Name, Start Time
verse1000,3000.000000
verse999,5000.000000
123123123,8000.000000
verse5,10000.000000
