Section Name, Start Time
Verse1,23.000000
Chorus,54.000000
verse2,89.000000
Chorus,122.000000
