Section Name, Start Time
Verse1,22.000000
Chorus,55.000000
Verse2,90.000000
Chorus,123.200000
Verse3,187.400000
Chorus,239.950000
